<?xml version="1.0" encoding="UTF-8"?>
<!DOCTYPE suite SYSTEM "https://testng.org/testng-1.0.dtd">
<suite name="Suite">

<listeners>
 <listener class-name="org.uncommons.reportng.HTMLReporter"></listener>
 <listener class-name="org.uncommons.reportng.JUnitXMLReporter"></listener>
</listeners>

  <test thread-count="5" name="Test">
    <classes>
      <class name="com.simplilearn.testing.FacebookLogin"/>
      <class name="com.simplilearn.testing.AssertionExample"/>
      <class name="com.simplilearn.testing.FirstDemo"/>
      <class name="com.simplilearn.testing.GroupTest"/>
    </classes>
  </test> <!-- Test -->
</suite> <!-- Suite -->
